lefthippocampus,alzheimerbroadcategory,gender,agegroup
3.392,CN,F,70-79y
3.0874,Other,F,70-79y
3.0832,CN,F,70-79y
3.0452,CN,F,70-79y
2.4984,CN,F,70-79y
3.0738,Other,F,-50y
3.8589,CN,M,60-69y
3.3696,AD,M,70-79y
2.749,Other,M,70-79y
3.1889,CN,F,60-69y
2.8797,CN,F,50-59y
3.1597,AD,M,70-79y
2.8161,AD,F,70-79y
2.6784,Other,F,70-79y
3.129,CN,F,60-69y
3.1014,AD,F,+80y
2.8334,CN,M,70-79y
3.3065,CN,F,70-79y
2.728,Other,M,70-79y
3.3746,Other,M,70-79y
3.2571,CN,M,-50y
2.3865,AD,F,70-79y
2.6663,Other,M,70-79y
2.3076,AD,F,60-69y
3.1302,CN,F,70-79y
2.7666,AD,F,+80y
2.8389,AD,F,60-69y
2.7708,AD,F,70-79y
3.355,CN,F,70-79y
2.8438,CN,F,70-79y
2.6793,Other,F,70-79y
2.3022,Other,F,+80y
3.1363,AD,M,+80y
2.5608,AD,F,60-69y
3.6808,Other,M,-50y
3.3502,AD,M,50-59y
3.3564,AD,F,70-79y
2.5658,Other,F,60-69y
3.1706,CN,F,70-79y
2.9317,AD,M,70-79y
3.1889,CN,F,60-69y
3.2768,CN,F,70-79y
3.2736,AD,F,70-79y
2.9396,AD,M,60-69y
3.4208,Other,M,50-59y
2.5551,AD,M,70-79y
2.7905,AD,F,+80y
3.0526,Other,F,60-69y
3.3822,CN,M,60-69y
3.0832,CN,F,-50y
3.2196,CN,M,70-79y
3.3788,AD,F,70-79y
2.6235,CN,F,+80y
3.0335,AD,F,70-79y
2.3258,AD,F,+80y
3.6848,AD,F,60-69y
3.5729,CN,M,60-69y
2.5595,AD,F,70-79y
3.127,Other,F,60-69y
3.2747,AD,F,70-79y
3.3223,AD,F,+80y
3.107,CN,M,70-79y
3.1719,CN,F,60-69y
2.577,AD,F,+80y
3.4515,CN,M,70-79y
3.2747,AD,M,60-69y
2.8334,AD,M,70-79y
3.5674,CN,F,60-69y
3.0802,AD,F,60-69y
2.5833,AD,F,70-79y
3.5729,AD,F,60-69y
2.9426,AD,F,60-69y
3.0054,CN,F,70-79y
2.5595,AD,F,70-79y
2.9787,AD,M,60-69y
2.8738,CN,F,+80y
3.1706,CN,F,50-59y
3.0368,Other,M,70-79y
2.7078,Other,F,+80y
3.0526,Other,F,70-79y
3.1856,AD,M,70-79y
2.8594,AD,F,+80y
3.2963,CN,M,70-79y
3.6808,CN,F,60-69y
2.5693,AD,M,60-69y
2.4348,AD,F,+80y
3.3804,CN,F,70-79y
3.1593,CN,M,70-79y
2.5816,Other,M,+80y
3.0526,CN,F,50-59y
2.3976,AD,F,70-79y
3.3007,CN,F,60-69y
2.8585,Other,F,70-79y
3.1365,CN,F,70-79y
2.8692,Other,M,70-79y
2.2563,Other,F,60-69y
2.7564,CN,F,60-69y
2.0602,AD,F,70-79y
2.8348,AD,M,70-79y
2.9412,Other,M,+80y
2.9426,Other,F,+80y
3.8846,AD,M,70-79y
2.8334,AD,M,70-79y
3.7705,AD,M,60-69y
3.0874,AD,M,70-79y
3.2413,CN,F,60-69y
3.5098,CN,M,60-69y
3.011,AD,M,60-69y
3.7395,Other,M,60-69y
2.1047,AD,F,70-79y
2.4984,AD,M,70-79y
3.1606,CN,F,70-79y
3.3601,CN,M,70-79y
2.8438,AD,F,60-69y
3.0577,CN,F,70-79y
3.1863,CN,M,70-79y
3.4656,Other,M,70-79y
2.8595,AD,F,70-79y
3.1767,CN,F,-50y
2.973,CN,M,70-79y
2.8595,CN,F,60-69y
2.5938,CN,F,60-69y
2.5491,Other,F,70-79y
3.1525,AD,F,+80y
2.6597,AD,M,60-69y
3.5201,Other,F,60-69y
2.8086,Other,M,60-69y
2.7815,AD,M,70-79y
2.3086,AD,F,70-79y
2.8504,CN,F,50-59y
3.355,CN,M,60-69y
2.9325,AD,F,60-69y
3.0505,AD,M,+80y
2.6235,CN,F,60-69y
2.7632,CN,M,70-79y
3.0423,AD,M,60-69y
3.2963,CN,F,60-69y
2.0602,AD,F,70-79y
2.8595,Other,F,-50y
3.0496,CN,M,70-79y
2.8585,CN,M,70-79y
3.1706,AD,M,60-69y
3.3065,CN,F,70-79y
3.2914,CN,M,70-79y
2.6776,CN,F,60-69y
3.0738,CN,M,60-69y
2.7458,CN,M,70-79y
2.8264,AD,M,60-69y
3.1951,CN,F,60-69y
3.0606,AD,M,70-79y
2.8656,AD,F,70-79y
3.011,AD,M,70-79y
2.6744,AD,M,70-79y
2.8348,CN,F,70-79y
2.8508,CN,F,70-79y
2.9242,Other,M,60-69y
2.8349,AD,M,70-79y
3.1809,CN,M,70-79y
2.9317,CN,M,70-79y
3.3285,CN,M,-50y
2.4391,AD,F,70-79y
3.2644,CN,F,70-79y
3.0418,CN,M,70-79y
3.2914,CN,M,60-69y
3.0496,AD,M,70-79y
1.9484,Other,F,60-69y
3.6848,CN,M,70-79y
3.3065,AD,M,+80y
2.5657,Other,F,+80y
3.0792,AD,M,60-69y
3.3827,CN,F,60-69y
2.4742,AD,F,70-79y
2.5632,AD,F,70-79y
3.011,CN,M,70-79y
3.3754,AD,M,60-69y
2.8842,CN,F,+80y
2.9426,CN,M,+80y
3.2747,CN,M,70-79y
3.1435,AD,M,60-69y
2.973,CN,F,60-69y
3.3138,AD,M,+80y
3.1136,Other,M,-50y
2.7845,Other,F,60-69y
2.9228,AD,F,70-79y
3.2413,CN,F,60-69y
3.3564,AD,F,70-79y
2.7707,CN,M,60-69y
1.9484,AD,F,+80y
3.4019,CN,F,+80y
2.3258,AD,F,70-79y
3.0792,CN,M,60-69y
2.8485,AD,M,60-69y
3.0505,CN,M,70-79y
2.8579,AD,F,+80y
1.9484,AD,F,60-69y
3.1863,CN,M,+80y
3.2196,CN,M,60-69y
3.3058,CN,M,70-79y
3.1767,CN,M,60-69y
3.2985,CN,F,60-69y
3.0874,AD,F,+80y
3.6457,CN,M,60-69y
2.5608,CN,F,60-69y
3.0452,Other,F,60-69y
3.6642,Other,M,70-79y
3.0149,CN,M,60-69y
3.3804,CN,F,70-79y
3.135,Other,M,70-79y
3.5098,AD,M,70-79y
2.2563,AD,F,+80y
4.4519,CN,M,60-69y
3.4613,AD,M,60-69y
3.1606,CN,F,50-59y
3.2768,Other,F,60-69y
3.7722,Other,M,50-59y
3.4854,CN,M,50-59y
3.0683,AD,M,70-79y
3.3145,CN,F,60-69y
2.6841,AD,M,60-69y
3.2316,CN,F,50-59y
2.6209,AD,F,+80y
3.0335,Other,F,+80y
2.7903,CN,F,70-79y
2.6776,CN,F,70-79y
3.1597,CN,F,70-79y
2.4852,Other,M,+80y
2.3678,AD,F,+80y
2.4742,AD,F,-50y
3.3145,AD,M,60-69y
2.4984,Other,M,70-79y
3.2125,CN,M,70-79y
2.8231,CN,F,70-79y
2.9787,AD,M,60-69y
3.1863,AD,M,70-79y
2.8934,AD,F,70-79y
3.3285,CN,M,60-69y
3.1428,CN,F,70-79y
3.4854,Other,M,70-79y
2.9384,CN,F,70-79y
2.4226,AD,F,+80y
2.6209,AD,M,70-79y
2.8084,Other,F,+80y
4.4519,CN,M,60-69y
2.9396,CN,F,+80y
3.0859,CN,M,70-79y
3.0683,CN,M,70-79y
3.0569,CN,M,70-79y
3.0423,CN,M,50-59y
3.0014,AD,F,70-79y
2.9369,CN,F,60-69y
3.3285,Other,M,60-69y
2.8349,Other,M,70-79y
3.0335,AD,M,+80y
2.9587,Other,F,60-69y
2.8019,Other,F,60-69y
3.0738,Other,F,70-79y
3.0054,AD,F,60-69y
3.3839,CN,M,70-79y
2.6841,Other,M,60-69y
3.2125,Other,M,70-79y
3.3839,Other,M,60-69y
3.0859,CN,F,60-69y
2.4134,AD,M,70-79y
2.5595,AD,M,70-79y
2.5154,AD,F,70-79y
3.0738,CN,F,70-79y
2.4835,AD,F,70-79y
3.0188,CN,M,60-69y
3.7705,AD,M,60-69y
2.7514,Other,F,70-79y
2.8448,CN,M,60-69y
2.454,AD,F,-50y
3.2487,CN,F,50-59y
2.9317,CN,F,50-59y
3.2644,AD,M,70-79y
2.5432,AD,F,70-79y
2.7632,AD,M,+80y
2.6408,AD,F,70-79y
3.137,CN,F,70-79y
2.8124,Other,M,60-69y
3.2782,CN,M,50-59y
3.0023,AD,F,+80y
3.3065,CN,M,60-69y
3.4104,AD,F,50-59y
2.3904,AD,F,70-79y
3.0923,CN,M,70-79y
3.2644,CN,M,60-69y
3.0573,AD,M,70-79y
2.4852,AD,F,70-79y
3.0569,CN,F,50-59y
3.2413,Other,M,70-79y
3.1989,CN,M,60-69y
